column,row,value,qnode
,,Aruba,Q21203
,,Afghanistan,Q889
,,Angola,Q916
,,Albania,Q222
,,Andorra,Q228
,,Arab World,Q143487
,,United Arab Emirates,Q878
,,Argentina,Q414
,,Armenia,Q399
,,American Samoa,Q16641
,,Antigua and Barbuda,Q781
,,Australia,Q408
,,Austria,Q40
,,Azerbaijan,Q227
,,Burundi,Q967
,,Belgium,Q31
,,Benin,Q962
,,Burkina Faso,Q965
,,Bangladesh,Q902
,,Bulgaria,Q219
,,Bahrain,Q398
,,"Bahamas, The",Q778
,,Bosnia and Herzegovina,Q225
,,Belarus,Q184
,,Belize,Q242
,,Bermuda,Q23635
,,Bolivia,Q750
,,Brazil,Q155
,,Barbados,Q244
,,Brunei Darussalam,Q921
,,Bhutan,Q917
,,Botswana,Q963
,,Central African Republic,Q929
,,Canada,Q16
,,Switzerland,Q39
,,Channel Islands,Q42314
,,Chile,Q298
,,China,Q148
,,Cote d'Ivoire,Q851830
,,Cameroon,Q1009
,,"Congo, Dem. Rep.",Q974
,,"Congo, Rep.",Q971
,,Colombia,Q739
,,Comoros,Q970
,,Costa Rica,Q800
,,Cuba,Q241
,,Curacao,Q25279
,,Cayman Islands,Q5785
,,Cyprus,Q229
,,Czech Republic,Q213
,,Germany,Q183
,,Djibouti,Q977
,,Dominica,Q784
,,Denmark,Q35
,,Dominican Republic,Q786
,,Algeria,Q262
,,Europe & Central Asia,Q232
,,Ecuador,Q736
,,"Egypt, Arab Rep.",Q79
,,Euro area,Q8268
,,Eritrea,Q986
,,Spain,Q29
,,Estonia,Q191
,,Ethiopia,Q115
,,European Union,Q458
,,Finland,Q33
,,Fiji,Q712
,,France,Q142
,,Faroe Islands,Q4628
,,"Micronesia, Fed. Sts.",Q702
,,Gabon,Q1000
,,United Kingdom,Q145
,,Georgia,Q230
,,Ghana,Q117
,,Gibraltar,Q1410
,,Guinea,Q1006
,,"Gambia, The",Q1005
,,Guinea-Bissau,Q1007
,,Equatorial Guinea,Q983
,,Greece,Q41
,,Grenada,Q769
,,Greenland,Q223
,,Guatemala,Q774
,,Guam,Q16635
,,Guyana,Q734
,,"Hong Kong SAR, China",Q8646
,,Honduras,Q783
,,Heavily indebted poor countries (HIPC),Q1433120
,,Croatia,Q224
,,Haiti,Q790
,,Hungary,Q28
,,Indonesia,Q252
,,Isle of Man,Q9676
,,India,Q668
,,Ireland,Q27
,,"Iran, Islamic Rep.",Q794
,,Iraq,Q796
,,Iceland,Q189
,,Israel,Q801
,,Italy,Q38
,,Jamaica,Q766
,,Jordan,Q810
,,Japan,Q17
,,Kazakhstan,Q232
,,Kenya,Q114
,,Kyrgyz Republic,Q813
,,Cambodia,Q424
,,Kiribati,Q710
,,St. Kitts and Nevis,Q763
,,"Korea, Rep.",Q884
,,Kuwait,Q817
,,Latin America & Caribbean (excluding high income),Q12585
,,Lao PDR,Q819
,,Lebanon,Q822
,,Liberia,Q1014
,,Libya,Q1016
,,St. Lucia,Q760
,,Latin America & Caribbean,Q12585
,,Least developed countries: UN classification,Q752401
,,Liechtenstein,Q347
,,Sri Lanka,Q854
,,Lesotho,Q1013
,,Lithuania,Q37
,,Luxembourg,Q32
,,Latvia,Q211
,,"Macao SAR, China",Q14773
,,St. Martin (French part),Q126125
,,Morocco,Q1028
,,Monaco,Q235
,,Moldova,Q217
,,Madagascar,Q1019
,,Maldives,Q826
,,Mexico,Q96
,,Marshall Islands,Q709
,,North Macedonia,Q221
,,Mali,Q912
,,Malta,Q233
,,Myanmar,Q836
,,Montenegro,Q236
,,Mongolia,Q711
,,Northern Mariana Islands,Q16644
,,Mozambique,Q1029
,,Mauritania,Q1025
,,Mauritius,Q1027
,,Malawi,Q1020
,,Malaysia,Q833
,,North America,Q49
,,Namibia,Q1030
,,New Caledonia,Q33788
,,Niger,Q1032
,,Nigeria,Q1033
,,Nicaragua,Q811
,,Netherlands,Q29999
,,Norway,Q20
,,Nepal,Q837
,,Nauru,Q697
,,New Zealand,Q664
,,Oman,Q842
,,Pakistan,Q843
,,Panama,Q804
,,Peru,Q419
,,Philippines,Q928
,,Palau,Q695
,,Papua New Guinea,Q691
,,Poland,Q36
,,Puerto Rico,Q1183
,,"Korea, Dem. PeopleÂ’s Rep.",Q423
,,Portugal,Q45
,,Paraguay,Q733
,,West Bank and Gaza,Q407199
,,French Polynesia,Q30971
,,Qatar,Q846
,,Romania,Q218
,,Russian Federation,Q159
,,Rwanda,Q1037
,,South Asia,Q771405
,,Saudi Arabia,Q851
,,Sudan,Q1049
,,Senegal,Q1041
,,Singapore,Q334
,,Solomon Islands,Q685
,,Sierra Leone,Q1044
,,El Salvador,Q792
,,San Marino,Q238
,,Somalia,Q1045
,,Serbia,Q403
,,South Sudan,Q958
,,Sub-Saharan Africa,Q132959
,,Sao Tome and Principe,Q1039
,,Suriname,Q730
,,Slovak Republic,Q214
,,Slovenia,Q215
,,Sweden,Q34
,,Eswatini,Q1050
,,Sint Maarten (Dutch part),Q26273
,,Seychelles,Q1042
,,Syrian Arab Republic,Q858
,,Turks and Caicos Islands,Q18221
,,Chad,Q657
,,Togo,Q945
,,Thailand,Q869
,,Tajikistan,Q863
,,Turkmenistan,Q874
,,Latin America & the Caribbean (IDA & IBRD countries),Q12585
,,Timor-Leste,Q574
,,Tonga,Q678
,,South Asia (IDA & IBRD),Q771405
,,Sub-Saharan Africa (IDA & IBRD countries),Q132959
,,Trinidad and Tobago,Q754
,,Tunisia,Q948
,,Turkey,Q43
,,Tuvalu,Q672
,,Tanzania,Q924
,,Uganda,Q1036
,,Ukraine,Q212
,,Uruguay,Q77
,,United States,Q30
,,Uzbekistan,Q265
,,St. Vincent and the Grenadines,Q757
,,"Venezuela, RB",Q717
,,British Virgin Islands,Q25305
,,Virgin Islands (U.S.),Q11703
,,Vietnam,Q881
,,Vanuatu,Q686
,,World,Q16502
,,Samoa,Q683
,,Kosovo,Q1246
,,"Yemen, Rep.",Q805
,,South Africa,Q258
,,Zambia,Q953
,,Zimbabwe,Q954
,,AG.AGR.TRAC.NO,P110001
,,AG.CON.FERT.PT.ZS,P110002
,,AG.CON.FERT.ZS,P110003
,,AG.LND.AGRI.K2,P110004
,,AG.LND.AGRI.ZS,P110005
,,AG.LND.ARBL.HA,P110006
,,AG.LND.ARBL.HA.PC,P110007
,,AG.LND.ARBL.ZS,P110008
,,AG.LND.CREL.HA,P110009
,,AG.LND.CROP.ZS,P110010
,,AG.LND.EL5M.RU.K2,P110011
,,AG.LND.EL5M.RU.ZS,P110012
,,AG.LND.EL5M.UR.K2,P110013
,,AG.LND.EL5M.UR.ZS,P110014
,,AG.LND.EL5M.ZS,P110015
,,AG.LND.FRST.K2,P110016
,,AG.LND.FRST.ZS,P110017
,,AG.LND.IRIG.AG.ZS,P110018
,,AG.LND.PRCP.MM,P110019
,,AG.LND.TOTL.K2,P110020
,,AG.LND.TOTL.RU.K2,P110021
,,AG.LND.TOTL.UR.K2,P110022
,,AG.LND.TRAC.ZS,P110023
,,AG.PRD.CREL.MT,P110024
,,AG.PRD.CROP.XD,P110025
,,AG.PRD.FOOD.XD,P110026
,,AG.PRD.LVSK.XD,P110027
,,AG.SRF.TOTL.K2,P110028
,,AG.YLD.CREL.KG,P110029
,,BG.GSR.NFSV.GD.ZS,P110030
,,BM.GSR.CMCP.ZS,P110031
,,BM.GSR.FCTY.CD,P110032
,,BM.GSR.GNFS.CD,P110033
,,BM.GSR.INSF.ZS,P110034
,,BM.GSR.MRCH.CD,P110035
,,BM.GSR.NFSV.CD,P110036
,,BM.GSR.ROYL.CD,P110037
,,BM.GSR.TOTL.CD,P110038
,,BM.GSR.TRAN.ZS,P110039
,,BM.GSR.TRVL.ZS,P110040
,,BM.KLT.DINV.CD.WD,P110041
,,BM.KLT.DINV.WD.GD.ZS,P110042
,,BM.TRF.PRVT.CD,P110043
,,BM.TRF.PWKR.CD.DT,P110044
,,BN.CAB.XOKA.CD,P110045
,,BN.CAB.XOKA.GD.ZS,P110046
,,BN.FIN.TOTL.CD,P110047
,,BN.FIN.TOTL.CD,P110048
,,BN.GSR.FCTY.CD,P110049
,,BN.GSR.GNFS.CD,P110050
,,BN.GSR.MRCH.CD,P110051
,,BN.KAC.EOMS.CD,P110052
,,BN.KLT.DINV.CD,P110053
,,BN.KLT.DINV.CD,P110054
,,BN.KLT.PTXL.CD,P110055
,,BN.RES.INCL.CD,P110056
,,BN.TRF.CURR.CD,P110057
,,BN.TRF.KOGT.CD,P110058
,,BX.GRT.EXTA.CD.WD,P110059
,,BX.GRT.TECH.CD.WD,P110060
,,BX.GSR.CCIS.CD,P110061
,,BX.GSR.CCIS.ZS,P110062
,,BX.GSR.CMCP.ZS,P110063
,,BX.GSR.FCTY.CD,P110064
,,BX.GSR.GNFS.CD,P110065
,,BX.GSR.INSF.ZS,P110066
,,BX.GSR.MRCH.CD,P110067
,,BX.GSR.NFSV.CD,P110068
,,BX.GSR.ROYL.CD,P110069
,,BX.GSR.TOTL.CD,P110070
,,BX.GSR.TRAN.ZS,P110071
,,BX.GSR.TRVL.ZS,P110072
,,BX.KLT.DINV.CD.WD,P110073
,,BX.KLT.DINV.WD.GD.ZS,P110074
,,BX.KLT.DREM.CD.DT,P110075
,,BX.PEF.TOTL.CD.WD,P110076
,,BX.TRF.CURR.CD,P110077
,,BX.TRF.PWKR.CD,P110078
,,BX.TRF.PWKR.CD.DT,P110079
,,BX.TRF.PWKR.DT.GD.ZS,P110080
,,CM.MKT.INDX.ZG,P110081
,,CM.MKT.LCAP.CD,P110082
,,CM.MKT.LCAP.GD.ZS,P110083
,,CM.MKT.LCAP.GD.ZS,P110084
,,CM.MKT.LDOM.NO,P110085
,,CM.MKT.TRAD.CD,P110086
,,CM.MKT.TRAD.GD.ZS,P110087
,,CM.MKT.TRNR,P110088
,,DC.DAC.AUSL.CD,P110089
,,DC.DAC.AUTL.CD,P110090
,,DC.DAC.BELL.CD,P110091
,,DC.DAC.CANL.CD,P110092
,,DC.DAC.CECL.CD,P110093
,,DC.DAC.CHEL.CD,P110094
,,DC.DAC.CZEL.CD,P110095
,,DC.DAC.DEUL.CD,P110096
,,DC.DAC.DNKL.CD,P110097
,,DC.DAC.ESPL.CD,P110098
,,DC.DAC.FINL.CD,P110099
,,DC.DAC.FRAL.CD,P110100
,,DC.DAC.GBRL.CD,P110101
,,DC.DAC.GRCL.CD,P110102
,,DC.DAC.IRLL.CD,P110103
,,DC.DAC.ISLL.CD,P110104
,,DC.DAC.ITAL.CD,P110105
,,DC.DAC.JPNL.CD,P110106
,,DC.DAC.KORL.CD,P110107
,,DC.DAC.LUXL.CD,P110108
,,DC.DAC.NLDL.CD,P110109
,,DC.DAC.NORL.CD,P110110
,,DC.DAC.NZLL.CD,P110111
,,DC.DAC.POLL.CD,P110112
,,DC.DAC.PRTL.CD,P110113
,,DC.DAC.SVKL.CD,P110114
,,DC.DAC.SVNL.CD,P110115
,,DC.DAC.SWEL.CD,P110116
,,DC.DAC.TOTL.CD,P110117
,,DC.DAC.USAL.CD,P110118
,,DT.AMT.BLAT.CD,P110119
,,DT.AMT.BLTC.CD,P110120
,,DT.AMT.DIMF.CD,P110121
,,DT.AMT.DLTF.CD,P110122
,,DT.AMT.DLXF.CD,P110123
,,DT.AMT.DPNG.CD,P110124
,,DT.AMT.DPPG.CD,P110125
,,DT.AMT.MIBR.CD,P110126
,,DT.AMT.MIDA.CD,P110127
,,DT.AMT.MLAT.CD,P110128
,,DT.AMT.MLTC.CD,P110129
,,DT.AMT.OFFT.CD,P110130
,,DT.AMT.PBND.CD,P110131
,,DT.AMT.PCBK.CD,P110132
,,DT.AMT.PNGB.CD,P110133
,,DT.AMT.PNGC.CD,P110134
,,DT.AMT.PROP.CD,P110135
,,DT.AMT.PRVT.CD,P110136
,,DT.AXA.DPPG.CD,P110137
,,DT.AXA.OFFT.CD,P110138
,,DT.AXA.PRVT.CD,P110139
,,DT.AXF.DPPG.CD,P110140
,,DT.AXR.DPPG.CD,P110141
,,DT.AXR.OFFT.CD,P110142
,,DT.AXR.PRVT.CD,P110143
,,DT.COM.DPPG.CD,P110144
,,DT.COM.MIBR.CD,P110145
,,DT.COM.MIDA.CD,P110146
,,DT.COM.OFFT.CD,P110147
,,DT.COM.PRVT.CD,P110148
,,DT.CUR.DMAK.ZS,P110149
,,DT.CUR.EURO.ZS,P110150
,,DT.CUR.FFRC.ZS,P110151
,,DT.CUR.JYEN.ZS,P110152
,,DT.CUR.MULC.ZS,P110153
,,DT.CUR.OTHC.ZS,P110154
,,DT.CUR.SDRW.ZS,P110155
,,DT.CUR.SWFR.ZS,P110156
,,DT.CUR.UKPS.ZS,P110157
,,DT.CUR.USDL.ZS,P110158
,,DT.DFR.DPPG.CD,P110159
,,DT.DIS.BLAT.CD,P110160
,,DT.DIS.BLTC.CD,P110161
,,DT.DIS.DIMF.CD,P110162
,,DT.DIS.DLTF.CD,P110163
,,DT.DIS.DLXF.CD,P110164
,,DT.DIS.DPNG.CD,P110165
,,DT.DIS.DPPG.CD,P110166
,,DT.DIS.IDAG.CD,P110167
,,DT.DIS.MIBR.CD,P110168
,,DT.DIS.MIDA.CD,P110169
,,DT.DIS.MLAT.CD,P110170
,,DT.DIS.MLTC.CD,P110171
,,DT.DIS.OFFT.CD,P110172
,,DT.DIS.PBND.CD,P110173
,,DT.DIS.PCBK.CD,P110174
,,DT.DIS.PNGB.CD,P110175
,,DT.DIS.PNGC.CD,P110176
,,DT.DIS.PROP.CD,P110177
,,DT.DIS.PRVT.CD,P110178
,,DT.DOD.ALLC.CD,P110179
,,DT.DOD.ALLC.ZS,P110180
,,DT.DOD.BLAT.CD,P110181
,,DT.DOD.BLTC.CD,P110182
,,DT.DOD.DECT.CD,P110183
,,DT.DOD.DECT.CD.CG,P110184
,,DT.DOD.DECT.EX.ZS,P110185
,,DT.DOD.DECT.GN.ZS,P110186
,,DT.DOD.DIMF.CD,P110187
,,DT.DOD.DLXF.CD,P110188
,,DT.DOD.DPNG.CD,P110189
,,DT.DOD.DPPG.CD,P110190
,,DT.DOD.DSTC.CD,P110191
,,DT.DOD.DSTC.IR.ZS,P110192
,,DT.DOD.DSTC.XP.ZS,P110193
,,DT.DOD.DSTC.ZS,P110194
,,DT.DOD.MDRI.CD,P110195
,,DT.DOD.MIBR.CD,P110196
,,DT.DOD.MIDA.CD,P110197
,,DT.DOD.MLAT.CD,P110198
,,DT.DOD.MLAT.ZS,P110199
,,DT.DOD.MLTC.CD,P110200
,,DT.DOD.MWBG.CD,P110201
,,DT.DOD.OFFT.CD,P110202
,,DT.DOD.PBND.CD,P110203
,,DT.DOD.PCBK.CD,P110204
,,DT.DOD.PNGB.CD,P110205
,,DT.DOD.PNGC.CD,P110206
,,DT.DOD.PROP.CD,P110207
,,DT.DOD.PRVS.CD,P110208
,,DT.DOD.PRVT.CD,P110209
,,DT.DOD.PUBS.CD,P110210
,,DT.DOD.PVLX.CD,P110211
,,DT.DOD.PVLX.EX.ZS,P110212
,,DT.DOD.PVLX.GN.ZS,P110213
,,DT.DOD.RSDL.CD,P110214
,,DT.DOD.VTOT.CD,P110215
,,DT.DSB.DPPG.CD,P110216
,,DT.DSF.DPPG.CD,P110217
,,DT.DXR.DPPG.CD,P110218
,,DT.GPA.DPPG,P110219
,,DT.GPA.OFFT,P110220
,,DT.GPA.PRVT,P110221
,,DT.GRE.DPPG,P110222
,,DT.GRE.OFFT,P110223
,,DT.GRE.PRVT,P110224
,,DT.INR.DPPG,P110225
,,DT.INR.OFFT,P110226
,,DT.INR.PRVT,P110227
,,DT.INT.BLAT.CD,P110228
,,DT.INT.BLTC.CD,P110229
,,DT.INT.DECT.CD,P110230
,,DT.INT.DECT.EX.ZS,P110231
,,DT.INT.DECT.GN.ZS,P110232
,,DT.INT.DIMF.CD,P110233
,,DT.INT.DLXF.CD,P110234
,,DT.INT.DPNG.CD,P110235
,,DT.INT.DPPG.CD,P110236
,,DT.INT.DSTC.CD,P110237
,,DT.INT.MIBR.CD,P110238
,,DT.INT.MIDA.CD,P110239
,,DT.INT.MLAT.CD,P110240
,,DT.INT.MLTC.CD,P110241
,,DT.INT.OFFT.CD,P110242
,,DT.INT.PBND.CD,P110243
,,DT.INT.PCBK.CD,P110244
,,DT.INT.PNGB.CD,P110245
,,DT.INT.PNGC.CD,P110246
,,DT.INT.PROP.CD,P110247
,,DT.INT.PRVT.CD,P110248
,,DT.IXA.DPPG.CD,P110249
,,DT.IXA.DPPG.CD.CG,P110250
,,DT.IXA.OFFT.CD,P110251
,,DT.IXA.PRVT.CD,P110252
,,DT.IXF.DPPG.CD,P110253
,,DT.IXR.DPPG.CD,P110254
,,DT.IXR.OFFT.CD,P110255
,,DT.IXR.PRVT.CD,P110256
,,DT.MAT.DPPG,P110257
,,DT.MAT.OFFT,P110258
,,DT.MAT.PRVT,P110259
,,DT.NFL.BLAT.CD,P110260
,,DT.NFL.BLTC.CD,P110261
,,DT.NFL.BOND.CD,P110262
,,DT.NFL.DECT.CD,P110263
,,DT.NFL.DLXF.CD,P110264
,,DT.NFL.DPNG.CD,P110265
,,DT.NFL.DPPG.CD,P110266
,,DT.NFL.DSTC.CD,P110267
,,DT.NFL.FAOG.CD,P110268
,,DT.NFL.IAEA.CD,P110269
,,DT.NFL.IFAD.CD,P110270
,,DT.NFL.ILOG.CD,P110271
,,DT.NFL.IMFC.CD,P110272
,,DT.NFL.IMFN.CD,P110273
,,DT.NFL.MIBR.CD,P110274
,,DT.NFL.MIDA.CD,P110275
,,DT.NFL.MLAT.CD,P110276
,,DT.NFL.MLTC.CD,P110277
,,DT.NFL.MOTH.CD,P110278
,,DT.NFL.NEBR.CD,P110279
,,DT.NFL.NIFC.CD,P110280
,,DT.NFL.OFFT.CD,P110281
,,DT.NFL.PBND.CD,P110282
,,DT.NFL.PCBK.CD,P110283
,,DT.NFL.PCBO.CD,P110284
,,DT.NFL.PNGB.CD,P110285
,,DT.NFL.PNGC.CD,P110286
,,DT.NFL.PROP.CD,P110287
,,DT.NFL.PRVT.CD,P110288
,,DT.NFL.RDBC.CD,P110289
,,DT.NFL.RDBN.CD,P110290
,,DT.NFL.UNAI.CD,P110291
,,DT.NFL.UNCF.CD,P110292
,,DT.NFL.UNCR.CD,P110293
,,DT.NFL.UNDP.CD,P110294
,,DT.NFL.UNEC.CD,P110295
,,DT.NFL.UNFP.CD,P110296
,,DT.NFL.UNPB.CD,P110297
,,DT.NFL.UNRW.CD,P110298
,,DT.NFL.UNTA.CD,P110299
,,DT.NFL.WFPG.CD,P110300
,,DT.NFL.WHOL.CD,P110301
,,DT.NTR.BLAT.CD,P110302
,,DT.NTR.BLTC.CD,P110303
,,DT.NTR.DECT.CD,P110304
,,DT.NTR.DLXF.CD,P110305
,,DT.NTR.DPNG.CD,P110306
,,DT.NTR.DPPG.CD,P110307
,,DT.NTR.MIBR.CD,P110308
,,DT.NTR.MIDA.CD,P110309
,,DT.NTR.MLAT.CD,P110310
,,DT.NTR.MLTC.CD,P110311
,,DT.NTR.OFFT.CD,P110312
,,DT.NTR.PBND.CD,P110313
,,DT.NTR.PCBK.CD,P110314
,,DT.NTR.PNGB.CD,P110315
,,DT.NTR.PNGC.CD,P110316
,,DT.NTR.PROP.CD,P110317
,,DT.NTR.PRVT.CD,P110318
,,DT.ODA.ALLD.CD,P110319
,,DT.ODA.ALLD.KD,P110320
,,DT.ODA.OATL.CD,P110321
,,DT.ODA.OATL.KD,P110322
,,DT.ODA.ODAT.CD,P110323
,,DT.ODA.ODAT.GI.ZS,P110324
,,DT.ODA.ODAT.GN.ZS,P110325
,,DT.ODA.ODAT.KD,P110326
,,DT.ODA.ODAT.MP.ZS,P110327
,,DT.ODA.ODAT.PC.ZS,P110328
,,DT.ODA.ODAT.XP.ZS,P110329
,,DT.TDS.BLAT.CD,P110330
,,DT.TDS.BLTC.CD,P110331
,,DT.TDS.DECT.CD,P110332
,,DT.TDS.DECT.EX.ZS,P110333
,,DT.TDS.DECT.GN.ZS,P110334
,,DT.TDS.DIMF.CD,P110335
,,DT.TDS.DLXF.CD,P110336
,,DT.TDS.DPNG.CD,P110337
,,DT.TDS.DPPF.XP.ZS,P110338
,,DT.TDS.DPPG.CD,P110339
,,DT.TDS.DPPG.GN.ZS,P110340
,,DT.TDS.DPPG.XP.ZS,P110341
,,DT.TDS.MIBR.CD,P110342
,,DT.TDS.MIDA.CD,P110343
,,DT.TDS.MLAT.CD,P110344
,,DT.TDS.MLAT.PG.ZS,P110345
,,DT.TDS.MLTC.CD,P110346
,,DT.TDS.OFFT.CD,P110347
,,DT.TDS.PBND.CD,P110348
,,DT.TDS.PCBK.CD,P110349
,,DT.TDS.PNGB.CD,P110350
,,DT.TDS.PNGC.CD,P110351
,,DT.TDS.PROP.CD,P110352
,,DT.TDS.PRVT.CD,P110353
,,DT.TXR.DPPG.CD,P110354
,,DT.UND.DPPG.CD,P110355
,,DT.UND.OFFT.CD,P110356
,,DT.UND.PRVT.CD,P110357
,,EA.PRD.AGRI.KD,P110358
,,EG.CFT.ACCS.ZS,P110359
,,EG.EGY.PRIM.PP.KD,P110360
,,EG.ELC.ACCS.RU.ZS,P110361
,,EG.ELC.ACCS.UR.ZS,P110362
,,EG.ELC.ACCS.ZS,P110363
,,EG.ELC.COAL.ZS,P110364
,,EG.ELC.FOSL.ZS,P110365
,,EG.ELC.HYRO.ZS,P110366
,,EG.ELC.LOSS.ZS,P110367
,,EG.ELC.NGAS.ZS,P110368
,,EG.ELC.NUCL.ZS,P110369
,,EG.ELC.PETR.ZS,P110370
,,EG.ELC.RNEW.ZS,P110371
,,EG.ELC.RNWX.KH,P110372
,,EG.ELC.RNWX.ZS,P110373
,,EG.FEC.RNEW.ZS,P110374
,,EG.GDP.PUSE.KO.PP,P110375
,,EG.GDP.PUSE.KO.PP.KD,P110376
,,EG.IMP.CONS.ZS,P110377
,,EG.USE.COMM.CL.ZS,P110378
,,EG.USE.COMM.FO.ZS,P110379
,,EG.USE.COMM.GD.PP.KD,P110380
,,EG.USE.CRNW.ZS,P110381
,,EG.USE.ELEC.KH.PC,P110382
,,EG.USE.PCAP.KG.OE,P110383
,,EN.ATM.CO2E.EG.ZS,P110384
,,EN.ATM.CO2E.GF.KT,P110385
,,EN.ATM.CO2E.GF.ZS,P110386
,,EN.ATM.CO2E.KD.GD,P110387
,,EN.ATM.CO2E.KT,P110388
,,EN.ATM.CO2E.LF.KT,P110389
,,EN.ATM.CO2E.LF.ZS,P110390
,,EN.ATM.CO2E.PC,P110391
,,EN.ATM.CO2E.PP.GD,P110392
,,EN.ATM.CO2E.PP.GD.KD,P110393
,,EN.ATM.CO2E.SF.KT,P110394
,,EN.ATM.CO2E.SF.ZS,P110395
,,EN.ATM.GHGO.KT.CE,P110396
,,EN.ATM.GHGO.ZG,P110397
,,EN.ATM.GHGT.KT.CE,P110398
,,EN.ATM.GHGT.ZG,P110399
,,EN.ATM.HFCG.KT.CE,P110400
,,EN.ATM.METH.AG.KT.CE,P110401
,,EN.ATM.METH.AG.ZS,P110402
,,EN.ATM.METH.EG.KT.CE,P110403
,,EN.ATM.METH.EG.ZS,P110404
,,EN.ATM.METH.KT.CE,P110405
,,EN.ATM.METH.ZG,P110406
,,EN.ATM.NOXE.AG.KT.CE,P110407
,,EN.ATM.NOXE.AG.ZS,P110408
,,EN.ATM.NOXE.EG.KT.CE,P110409
,,EN.ATM.NOXE.EG.ZS,P110410
,,EN.ATM.NOXE.KT.CE,P110411
,,EN.ATM.NOXE.ZG,P110412
,,EN.ATM.PFCG.KT.CE,P110413
,,EN.ATM.PM25.MC.M3,P110414
,,EN.ATM.PM25.MC.ZS,P110415
,,EN.ATM.SF6G.KT.CE,P110416
,,EN.BIR.THRD.NO,P110417
,,EN.CLC.DRSK.XQ,P110418
,,EN.CLC.GHGR.MT.CE,P110419
,,EN.CLC.MDAT.ZS,P110420
,,EN.CO2.BLDG.ZS,P110421
,,EN.CO2.ETOT.ZS,P110422
,,EN.CO2.MANF.ZS,P110423
,,EN.CO2.OTHX.ZS,P110424
,,EN.CO2.TRAN.ZS,P110425
,,EN.FSH.THRD.NO,P110426
,,EN.HPT.THRD.NO,P110427
,,EN.MAM.THRD.NO,P110428
,,EN.POP.DNST,P110429
,,EN.POP.EL5M.RU.ZS,P110430
,,EN.POP.EL5M.UR.ZS,P110431
,,EN.POP.EL5M.ZS,P110432
,,EN.POP.SLUM.UR.ZS,P110433
,,EN.URB.LCTY,P110434
,,EN.URB.LCTY.UR.ZS,P110435
,,EN.URB.MCTY,P110436
,,EN.URB.MCTY.TL.ZS,P110437
,,EP.PMP.DESL.CD,P110438
,,EP.PMP.SGAS.CD,P110439
,,ER.FSH.AQUA.MT,P110440
,,ER.FSH.CAPT.MT,P110441
,,ER.FSH.PROD.MT,P110442
,,ER.GDP.FWTL.M3.KD,P110443
,,ER.H2O.FWAG.ZS,P110444
,,ER.H2O.FWDM.ZS,P110445
,,ER.H2O.FWIN.ZS,P110446
,,ER.H2O.FWTL.K3,P110447
,,ER.H2O.FWTL.ZS,P110448
,,ER.H2O.INTR.K3,P110449
,,ER.H2O.INTR.PC,P110450
,,ER.LND.PTLD.ZS,P110451
,,ER.MRN.PTMR.ZS,P110452
,,ER.PTD.TOTL.ZS,P110453
,,FB.AST.NPER.ZS,P110454
,,FB.ATM.TOTL.P5,P110455
,,FB.BNK.CAPA.ZS,P110456
,,FB.CBK.BRCH.P5,P110457
,,FB.CBK.BRWR.P3,P110458
,,FB.CBK.DPTR.P3,P110459
,,FB.POS.TOTL.P5,P110460
,,FD.AST.PRVT.GD.ZS,P110461
,,FD.RES.LIQU.AS.ZS,P110462
,,FI.RES.TOTL.CD,P110463
,,FI.RES.TOTL.DT.ZS,P110464
,,FI.RES.TOTL.MO,P110465
,,FI.RES.XGLD.CD,P110466
,,FM.AST.CGOV.ZG.M3,P110467
,,FM.AST.DOMO.ZG.M3,P110468
,,FM.AST.DOMS.CN,P110469
,,FM.AST.NFRG.CN,P110470
,,FM.AST.PRVT.ZG.M3,P110471
,,FM.LBL.BMNY.CN,P110472
,,FM.LBL.BMNY.GD.ZS,P110473
,,FM.LBL.BMNY.IR.ZS,P110474
,,FM.LBL.BMNY.ZG,P110475
,,FP.CPI.TOTL,P110476
,,FP.CPI.TOTL.ZG,P110477
,,FP.WPI.TOTL,P110478
,,FR.INR.DPST,P110479
,,FR.INR.LEND,P110480
,,FR.INR.LNDP,P110481
,,FR.INR.RINR,P110482
,,FR.INR.RISK,P110483
,,FS.AST.CGOV.GD.ZS,P110484
,,FS.AST.DOMO.GD.ZS,P110485
,,FS.AST.DOMS.GD.ZS,P110486
,,FS.AST.PRVT.GD.ZS,P110487
,,GB.XPD.RSDV.GD.ZS,P110488
,,GC.AST.TOTL.CN,P110489
,,GC.AST.TOTL.GD.ZS,P110490
,,GC.DOD.TOTL.CN,P110491
,,GC.DOD.TOTL.GD.ZS,P110492
,,GC.LBL.TOTL.CN,P110493
,,GC.LBL.TOTL.GD.ZS,P110494
,,GC.NFN.TOTL.CN,P110495
,,GC.NFN.TOTL.GD.ZS,P110496
,,GC.NLD.TOTL.CN,P110497
,,GC.NLD.TOTL.GD.ZS,P110498
,,GC.REV.GOTR.CN,P110499
,,GC.REV.GOTR.ZS,P110500
,,GC.REV.SOCL.CN,P110501
,,GC.REV.SOCL.ZS,P110502
,,GC.REV.XGRT.CN,P110503
,,GC.REV.XGRT.GD.ZS,P110504
,,GC.TAX.EXPT.CN,P110505
,,GC.TAX.EXPT.ZS,P110506
,,GC.TAX.GSRV.CN,P110507
,,GC.TAX.GSRV.RV.ZS,P110508
,,GC.TAX.GSRV.VA.ZS,P110509
,,GC.TAX.IMPT.CN,P110510
,,GC.TAX.IMPT.ZS,P110511
,,GC.TAX.INTT.CN,P110512
,,GC.TAX.INTT.RV.ZS,P110513
,,GC.TAX.OTHR.CN,P110514
,,GC.TAX.OTHR.RV.ZS,P110515
,,GC.TAX.TOTL.CN,P110516
,,GC.TAX.TOTL.GD.ZS,P110517
,,GC.TAX.YPKG.CN,P110518
,,GC.TAX.YPKG.RV.ZS,P110519
,,GC.TAX.YPKG.ZS,P110520
,,GC.XPN.COMP.CN,P110521
,,GC.XPN.COMP.ZS,P110522
,,GC.XPN.GSRV.CN,P110523
,,GC.XPN.GSRV.ZS,P110524
,,GC.XPN.INTP.CN,P110525
,,GC.XPN.INTP.RV.ZS,P110526
,,GC.XPN.INTP.ZS,P110527
,,GC.XPN.OTHR.CN,P110528
,,GC.XPN.OTHR.ZS,P110529
,,GC.XPN.TOTL.CN,P110530
,,GC.XPN.TOTL.GD.ZS,P110531
,,GC.XPN.TRFT.CN,P110532
,,GC.XPN.TRFT.ZS,P110533
,,IC.BUS.DFRN.XQ,P110534
,,IC.BUS.DISC.XQ,P110535
,,IC.BUS.EASE.XQ,P110536
,,IC.BUS.NDNS.ZS,P110537
,,IC.BUS.NREG,P110538
,,IC.CRD.INFO.XQ,P110539
,,IC.CRD.PRVT.ZS,P110540
,,IC.CRD.PUBL.ZS,P110541
,,IC.CUS.DURS.EX,P110542
,,IC.ELC.DURS,P110543
,,IC.ELC.OUTG,P110544
,,IC.ELC.TIME,P110545
,,IC.EXP.COST.CD,P110546
,,IC.EXP.CSBC.CD,P110547
,,IC.EXP.CSDC.CD,P110548
,,IC.EXP.DOCS,P110549
,,IC.EXP.DURS,P110550
,,IC.EXP.TMBC,P110551
,,IC.EXP.TMDC,P110552
,,IC.FRM.BKWC.ZS,P110553
,,IC.FRM.BNKS.ZS,P110554
,,IC.FRM.BRIB.ZS,P110555
,,IC.FRM.CMPU.ZS,P110556
,,IC.FRM.CORR.ZS,P110557
,,IC.FRM.CRIM.ZS,P110558
,,IC.FRM.DURS,P110559
,,IC.FRM.FEMM.ZS,P110560
,,IC.FRM.FEMO.ZS,P110561
,,IC.FRM.FREG.ZS,P110562
,,IC.FRM.INFM.ZS,P110563
,,IC.FRM.ISOC.ZS,P110564
,,IC.FRM.OUTG.ZS,P110565
,,IC.FRM.TRNG.ZS,P110566
,,IC.GOV.DURS.ZS,P110567
,,IC.IMP.COST.CD,P110568
,,IC.IMP.CSBC.CD,P110569
,,IC.IMP.CSDC.CD,P110570
,,IC.IMP.DOCS,P110571
,,IC.IMP.DURS,P110572
,,IC.IMP.TMBC,P110573
,,IC.IMP.TMDC,P110574
,,IC.ISV.DURS,P110575
,,IC.LGL.CRED.XQ,P110576
,,IC.LGL.DURS,P110577
,,IC.PRP.DURS,P110578
,,IC.PRP.PROC,P110579
,,IC.REG.COST.PC.FE.ZS,P110580
,,IC.REG.COST.PC.MA.ZS,P110581
,,IC.REG.COST.PC.ZS,P110582
,,IC.REG.DURS,P110583
,,IC.REG.DURS.FE,P110584
,,IC.REG.DURS.MA,P110585
,,IC.REG.PROC,P110586
,,IC.REG.PROC.FE,P110587
,,IC.REG.PROC.MA,P110588
,,IC.TAX.DURS,P110589
,,IC.TAX.GIFT.ZS,P110590
,,IC.TAX.LABR.CP.ZS,P110591
,,IC.TAX.METG,P110592
,,IC.TAX.OTHR.CP.ZS,P110593
,,IC.TAX.PAYM,P110594
,,IC.TAX.PRFT.CP.ZS,P110595
,,IC.TAX.TOTL.CP.ZS,P110596
,,IC.WRH.DURS,P110597
,,IC.WRH.PROC,P110598
,,IE.PPI.ENGY.CD,P110599
,,IE.PPI.TELE.CD,P110600
,,IE.PPI.TRAN.CD,P110601
,,IE.PPI.WATR.CD,P110602
,,IP.IDS.NRCT,P110603
,,IP.IDS.RSCT,P110604
,,IP.JRN.ARTC.SC,P110605
,,IP.PAT.NRES,P110606
,,IP.PAT.RESD,P110607
,,IP.TMK.NRCT,P110608
,,IP.TMK.NRES,P110609
,,IP.TMK.RESD,P110610
,,IP.TMK.RSCT,P110611
,,IP.TMK.TOTL,P110612
,,IQ.CPA.BREG.XQ,P110613
,,IQ.CPA.DEBT.XQ,P110614
,,IQ.CPA.ECON.XQ,P110615
,,IQ.CPA.ENVR.XQ,P110616
,,IQ.CPA.FINQ.XQ,P110617
,,IQ.CPA.FINS.XQ,P110618
,,IQ.CPA.FISP.XQ,P110619
,,IQ.CPA.GNDR.XQ,P110620
,,IQ.CPA.HRES.XQ,P110621
,,IQ.CPA.IRAI.XQ,P110622
,,IQ.CPA.MACR.XQ,P110623
,,IQ.CPA.PADM.XQ,P110624
,,IQ.CPA.PRES.XQ,P110625
,,IQ.CPA.PROP.XQ,P110626
,,IQ.CPA.PROT.XQ,P110627
,,IQ.CPA.PUBS.XQ,P110628
,,IQ.CPA.REVN.XQ,P110629
,,IQ.CPA.SOCI.XQ,P110630
,,IQ.CPA.STRC.XQ,P110631
,,IQ.CPA.TRAD.XQ,P110632
,,IQ.CPA.TRAN.XQ,P110633
,,IQ.SCI.MTHD,P110634
,,IQ.SCI.OVRL,P110635
,,IQ.SCI.PRDC,P110636
,,IQ.SCI.SRCE,P110637
,,IQ.WEF.CUST.XQ,P110638
,,IQ.WEF.PORT.XQ,P110639
,,IS.AIR.DPRT,P110640
,,IS.AIR.GOOD.MT.K1,P110641
,,IS.AIR.PSGR,P110642
,,IS.RRS.GOOD.MT.K6,P110643
,,IS.RRS.PASG.KM,P110644
,,IS.RRS.TOTL.KM,P110645
,,IS.SHP.GCNW.XQ,P110646
,,IS.SHP.GOOD.TU,P110647
,,IT.CEL.SETS,P110648
,,IT.CEL.SETS.P2,P110649
,,IT.MLT.MAIN,P110650
,,IT.MLT.MAIN.P2,P110651
,,IT.NET.BBND,P110652
,,IT.NET.BBND.P2,P110653
,,IT.NET.SECR,P110654
,,IT.NET.SECR.P6,P110655
,,IT.NET.USER.ZS,P110656
,,LP.EXP.DURS.MD,P110657
,,LP.IMP.DURS.MD,P110658
,,LP.LPI.CUST.XQ,P110659
,,LP.LPI.INFR.XQ,P110660
,,LP.LPI.ITRN.XQ,P110661
,,LP.LPI.LOGS.XQ,P110662
,,LP.LPI.OVRL.XQ,P110663
,,LP.LPI.TIME.XQ,P110664
,,LP.LPI.TRAC.XQ,P110665
,,MS.MIL.MPRT.KD,P110666
,,MS.MIL.TOTL.P1,P110667
,,MS.MIL.TOTL.TF.ZS,P110668
,,MS.MIL.XPND.CN,P110669
,,MS.MIL.XPND.GD.ZS,P110670
,,MS.MIL.XPND.ZS,P110671
,,MS.MIL.XPRT.KD,P110672
,,NE.CON.GOVT.CD,P110673
,,NE.CON.GOVT.CN,P110674
,,NE.CON.GOVT.KD,P110675
,,NE.CON.GOVT.KD.ZG,P110676
,,NE.CON.GOVT.KN,P110677
,,NE.CON.GOVT.ZS,P110678
,,NE.CON.PETC.CD,P110679
,,NE.CON.PETC.CN,P110680
,,NE.CON.PETC.KD,P110681
,,NE.CON.PETC.KD.ZG,P110682
,,NE.CON.PETC.KN,P110683
,,NE.CON.PETC.ZS,P110684
,,NE.CON.PRVT.CD,P110685
,,NE.CON.PRVT.CN,P110686
,,NE.CON.PRVT.KD,P110687
,,NE.CON.PRVT.KD.ZG,P110688
,,NE.CON.PRVT.KN,P110689
,,NE.CON.PRVT.PC.KD,P110690
,,NE.CON.PRVT.PC.KD.ZG,P110691
,,NE.CON.PRVT.PP.CD,P110692
,,NE.CON.PRVT.PP.KD,P110693
,,NE.CON.TETC.CD,P110694
,,NE.CON.TETC.CN,P110695
,,NE.CON.TETC.KD,P110696
,,NE.CON.TETC.KD.ZG,P110697
,,NE.CON.TETC.KN,P110698
,,NE.CON.TETC.ZS,P110699
,,NE.CON.TOTL.CD,P110700
,,NE.CON.TOTL.CN,P110701
,,NE.CON.TOTL.KD,P110702
,,NE.CON.TOTL.KN,P110703
,,NE.DAB.DEFL.ZS,P110704
,,NE.DAB.TOTL.CD,P110705
,,NE.DAB.TOTL.CN,P110706
,,NE.DAB.TOTL.KD,P110707
,,NE.DAB.TOTL.KN,P110708
,,NE.DAB.TOTL.ZS,P110709
,,NE.EXP.GNFS.CD,P110710
,,NE.EXP.GNFS.CN,P110711
,,NE.EXP.GNFS.KD,P110712
,,NE.EXP.GNFS.KD.ZG,P110713
,,NE.EXP.GNFS.KN,P110714
,,NE.EXP.GNFS.ZS,P110715
,,NE.GDI.FPRV.CN,P110716
,,NE.GDI.FPRV.ZS,P110717
,,NE.GDI.FTOT.CD,P110718
,,NE.GDI.FTOT.CN,P110719
,,NE.GDI.FTOT.KD,P110720
,,NE.GDI.FTOT.KD.ZG,P110721
,,NE.GDI.FTOT.KN,P110722
,,NE.GDI.FTOT.ZS,P110723
,,NE.GDI.STKB.CD,P110724
,,NE.GDI.STKB.CN,P110725
,,NE.GDI.STKB.KN,P110726
,,NE.GDI.TOTL.CD,P110727
,,NE.GDI.TOTL.CN,P110728
,,NE.GDI.TOTL.KD,P110729
,,NE.GDI.TOTL.KD.ZG,P110730
,,NE.GDI.TOTL.KN,P110731
,,NE.GDI.TOTL.ZS,P110732
,,NE.IMP.GNFS.CD,P110733
,,NE.IMP.GNFS.CN,P110734
,,NE.IMP.GNFS.KD,P110735
,,NE.IMP.GNFS.KD.ZG,P110736
,,NE.IMP.GNFS.KN,P110737
,,NE.IMP.GNFS.ZS,P110738
,,NE.RSB.GNFS.CD,P110739
,,NE.RSB.GNFS.CN,P110740
,,NE.RSB.GNFS.KN,P110741
,,NE.RSB.GNFS.ZS,P110742
,,NE.TRD.GNFS.ZS,P110743
,,NV.AGR.TOTL.CD,P110744
,,NV.AGR.TOTL.CN,P110745
,,NV.AGR.TOTL.KD,P110746
,,NV.AGR.TOTL.KD.ZG,P110747
,,NV.AGR.TOTL.KN,P110748
,,NV.AGR.TOTL.ZS,P110749
,,NV.IND.MANF.CD,P110750
,,NV.IND.MANF.CN,P110751
,,NV.IND.MANF.KD,P110752
,,NV.IND.MANF.KD.ZG,P110753
,,NV.IND.MANF.KN,P110754
,,NV.IND.MANF.ZS,P110755
,,NV.IND.TOTL.CD,P110756
,,NV.IND.TOTL.CN,P110757
,,NV.IND.TOTL.KD,P110758
,,NV.IND.TOTL.KD.ZG,P110759
,,NV.IND.TOTL.KN,P110760
,,NV.IND.TOTL.ZS,P110761
,,NV.MNF.CHEM.ZS.UN,P110762
,,NV.MNF.FBTO.ZS.UN,P110763
,,NV.MNF.MTRN.ZS.UN,P110764
,,NV.MNF.OTHR.ZS.UN,P110765
,,NV.MNF.TXTL.ZS.UN,P110766
,,NV.SRV.TETC.CD,P110767
,,NV.SRV.TETC.CN,P110768
,,NV.SRV.TETC.KD,P110769
,,NV.SRV.TETC.KD.ZG,P110770
,,NV.SRV.TETC.KN,P110771
,,NV.SRV.TETC.ZS,P110772
,,NY.ADJ.AEDU.CD,P110773
,,NY.ADJ.AEDU.GN.ZS,P110774
,,NY.ADJ.DCO2.CD,P110775
,,NY.ADJ.DCO2.GN.ZS,P110776
,,NY.ADJ.DFOR.CD,P110777
,,NY.ADJ.DFOR.GN.ZS,P110778
,,NY.ADJ.DKAP.CD,P110779
,,NY.ADJ.DKAP.GN.ZS,P110780
,,NY.ADJ.DMIN.CD,P110781
,,NY.ADJ.DMIN.GN.ZS,P110782
,,NY.ADJ.DNGY.CD,P110783
,,NY.ADJ.DNGY.GN.ZS,P110784
,,NY.ADJ.DPEM.CD,P110785
,,NY.ADJ.DPEM.GN.ZS,P110786
,,NY.ADJ.DRES.GN.ZS,P110787
,,NY.ADJ.ICTR.GN.ZS,P110788
,,NY.ADJ.NNAT.CD,P110789
,,NY.ADJ.NNAT.GN.ZS,P110790
,,NY.ADJ.NNTY.CD,P110791
,,NY.ADJ.NNTY.KD,P110792
,,NY.ADJ.NNTY.KD.ZG,P110793
,,NY.ADJ.NNTY.PC.CD,P110794
,,NY.ADJ.NNTY.PC.KD,P110795
,,NY.ADJ.NNTY.PC.KD.ZG,P110796
,,NY.ADJ.SVNG.CD,P110797
,,NY.ADJ.SVNG.GN.ZS,P110798
,,NY.ADJ.SVNX.CD,P110799
,,NY.ADJ.SVNX.GN.ZS,P110800
,,NY.EXP.CAPM.KN,P110801
,,NY.GDP.COAL.RT.ZS,P110802
,,NY.GDP.DEFL.KD.ZG,P110803
,,NY.GDP.DEFL.KD.ZG.AD,P110804
,,NY.GDP.DEFL.ZS,P110805
,,NY.GDP.DEFL.ZS.AD,P110806
,,NY.GDP.DISC.CN,P110807
,,NY.GDP.DISC.KN,P110808
,,NY.GDP.FCST.CD,P110809
,,NY.GDP.FCST.CN,P110810
,,NY.GDP.FCST.KD,P110811
,,NY.GDP.FCST.KN,P110812
,,NY.GDP.FRST.RT.ZS,P110813
,,NY.GDP.MINR.RT.ZS,P110814
,,NY.GDP.MKTP.CD,P110815
,,NY.GDP.MKTP.CN,P110816
,,NY.GDP.MKTP.CN.AD,P110817
,,NY.GDP.MKTP.KD,P110818
,,NY.GDP.MKTP.KD.ZG,P110819
,,NY.GDP.MKTP.KN,P110820
,,NY.GDP.MKTP.PP.CD,P110821
,,NY.GDP.MKTP.PP.KD,P110822
,,NY.GDP.NGAS.RT.ZS,P110823
,,NY.GDP.PCAP.CD,P110824
,,NY.GDP.PCAP.CN,P110825
,,NY.GDP.PCAP.KD,P110826
,,NY.GDP.PCAP.KD.ZG,P110827
,,NY.GDP.PCAP.KN,P110828
,,NY.GDP.PCAP.PP.CD,P110829
,,NY.GDP.PCAP.PP.KD,P110830
,,NY.GDP.PETR.RT.ZS,P110831
,,NY.GDP.TOTL.RT.ZS,P110832
,,NY.GDS.TOTL.CD,P110833
,,NY.GDS.TOTL.CN,P110834
,,NY.GDS.TOTL.ZS,P110835
,,NY.GDY.TOTL.KN,P110836
,,NY.GNP.ATLS.CD,P110837
,,NY.GNP.MKTP.CD,P110838
,,NY.GNP.MKTP.CN,P110839
,,NY.GNP.MKTP.KD,P110840
,,NY.GNP.MKTP.KD.ZG,P110841
,,NY.GNP.MKTP.KN,P110842
,,NY.GNP.MKTP.PP.CD,P110843
,,NY.GNP.MKTP.PP.KD,P110844
,,NY.GNP.PCAP.CD,P110845
,,NY.GNP.PCAP.CN,P110846
,,NY.GNP.PCAP.KD,P110847
,,NY.GNP.PCAP.KD.ZG,P110848
,,NY.GNP.PCAP.KN,P110849
,,NY.GNP.PCAP.PP.CD,P110850
,,NY.GNP.PCAP.PP.KD,P110851
,,NY.GNS.ICTR.CD,P110852
,,NY.GNS.ICTR.CN,P110853
,,NY.GNS.ICTR.GN.ZS,P110854
,,NY.GNS.ICTR.ZS,P110855
,,NY.GSR.NFCY.CD,P110856
,,NY.GSR.NFCY.CN,P110857
,,NY.GSR.NFCY.KN,P110858
,,NY.TAX.NIND.CD,P110859
,,NY.TAX.NIND.CN,P110860
,,NY.TAX.NIND.KN,P110861
,,NY.TRF.NCTR.CD,P110862
,,NY.TRF.NCTR.CN,P110863
,,NY.TRF.NCTR.KN,P110864
,,NY.TTF.GNFS.KN,P110865
,,PA.NUS.ATLS,P110866
,,PA.NUS.FCRF,P110867
,,PA.NUS.PPP.05,P110868
,,PA.NUS.PPPC.RF,P110869
,,PA.NUS.PRVT.PP,P110870
,,PA.NUS.PRVT.PP.05,P110871
,,PX.REX.REER,P110872
,,SE.ADT.1524.LT.FE.ZS,P110873
,,SE.ADT.1524.LT.FM.ZS,P110874
,,SE.ADT.1524.LT.MA.ZS,P110875
,,SE.ADT.1524.LT.ZS,P110876
,,SE.ADT.LITR.FE.ZS,P110877
,,SE.ADT.LITR.MA.ZS,P110878
,,SE.ADT.LITR.ZS,P110879
,,SE.COM.DURS,P110880
,,SE.ENR.PRIM.FM.ZS,P110881
,,SE.ENR.PRSC.FM.ZS,P110882
,,SE.ENR.SECO.FM.ZS,P110883
,,SE.ENR.TERT.FM.ZS,P110884
,,SE.PRE.DURS,P110885
,,SE.PRE.ENRL.TC.ZS,P110886
,,SE.PRE.ENRR,P110887
,,SE.PRE.ENRR.FE,P110888
,,SE.PRE.ENRR.MA,P110889
,,SE.PRE.TCAQ.FE.ZS,P110890
,,SE.PRE.TCAQ.MA.ZS,P110891
,,SE.PRE.TCAQ.ZS,P110892
,,SE.PRM.AGES,P110893
,,SE.PRM.CMPT.FE.ZS,P110894
,,SE.PRM.CMPT.MA.ZS,P110895
,,SE.PRM.CMPT.ZS,P110896
,,SE.PRM.CUAT.FE.ZS,P110897
,,SE.PRM.CUAT.MA.ZS,P110898
,,SE.PRM.CUAT.ZS,P110899
,,SE.PRM.DURS,P110900
,,SE.PRM.ENRL,P110901
,,SE.PRM.ENRL.FE.ZS,P110902
,,SE.PRM.ENRL.TC.ZS,P110903
,,SE.PRM.ENRR,P110904
,,SE.PRM.ENRR.FE,P110905
,,SE.PRM.ENRR.MA,P110906
,,SE.PRM.GINT.FE.ZS,P110907
,,SE.PRM.GINT.MA.ZS,P110908
,,SE.PRM.GINT.ZS,P110909
,,SE.PRM.NENR,P110910
,,SE.PRM.NENR.FE,P110911
,,SE.PRM.NENR.MA,P110912
,,SE.PRM.NINT.FE.ZS,P110913
,,SE.PRM.NINT.MA.ZS,P110914
,,SE.PRM.NINT.ZS,P110915
,,SE.PRM.OENR.FE.ZS,P110916
,,SE.PRM.OENR.MA.ZS,P110917
,,SE.PRM.OENR.ZS,P110918
,,SE.PRM.PRIV.ZS,P110919
,,SE.PRM.PRS5.FE.ZS,P110920
,,SE.PRM.PRS5.MA.ZS,P110921
,,SE.PRM.PRS5.ZS,P110922
,,SE.PRM.PRSL.FE.ZS,P110923
,,SE.PRM.PRSL.MA.ZS,P110924
,,SE.PRM.PRSL.ZS,P110925
,,SE.PRM.REPT.FE.ZS,P110926
,,SE.PRM.REPT.MA.ZS,P110927
,,SE.PRM.REPT.ZS,P110928
,,SE.PRM.TCAQ.FE.ZS,P110929
,,SE.PRM.TCAQ.MA.ZS,P110930
,,SE.PRM.TCAQ.ZS,P110931
,,SE.PRM.TCHR,P110932
,,SE.PRM.TCHR.FE.ZS,P110933
,,SE.PRM.TENR,P110934
,,SE.PRM.TENR.FE,P110935
,,SE.PRM.TENR.MA,P110936
,,SE.PRM.UNER,P110937
,,SE.PRM.UNER.FE,P110938
,,SE.PRM.UNER.FE.ZS,P110939
,,SE.PRM.UNER.MA,P110940
,,SE.PRM.UNER.MA.ZS,P110941
,,SE.PRM.UNER.ZS,P110942
,,SE.SEC.AGES,P110943
,,SE.SEC.CMPT.LO.FE.ZS,P110944
,,SE.SEC.CMPT.LO.MA.ZS,P110945
,,SE.SEC.CMPT.LO.ZS,P110946
,,SE.SEC.CUAT.LO.FE.ZS,P110947
,,SE.SEC.CUAT.LO.MA.ZS,P110948
,,SE.SEC.CUAT.LO.ZS,P110949
,,SE.SEC.CUAT.PO.FE.ZS,P110950
,,SE.SEC.CUAT.PO.MA.ZS,P110951
,,SE.SEC.CUAT.PO.ZS,P110952
,,SE.SEC.CUAT.UP.FE.ZS,P110953
,,SE.SEC.CUAT.UP.MA.ZS,P110954
,,SE.SEC.CUAT.UP.ZS,P110955
,,SE.SEC.DURS,P110956
,,SE.SEC.ENRL,P110957
,,SE.SEC.ENRL.FE.ZS,P110958
,,SE.SEC.ENRL.GC,P110959
,,SE.SEC.ENRL.GC.FE.ZS,P110960
,,SE.SEC.ENRL.LO.TC.ZS,P110961
,,SE.SEC.ENRL.TC.ZS,P110962
,,SE.SEC.ENRL.UP.TC.ZS,P110963
,,SE.SEC.ENRL.VO,P110964
,,SE.SEC.ENRL.VO.FE.ZS,P110965
,,SE.SEC.ENRR,P110966
,,SE.SEC.ENRR.FE,P110967
,,SE.SEC.ENRR.MA,P110968
,,SE.SEC.NENR,P110969
,,SE.SEC.NENR.FE,P110970
,,SE.SEC.NENR.MA,P110971
,,SE.SEC.PRIV.ZS,P110972
,,SE.SEC.PROG.FE.ZS,P110973
,,SE.SEC.PROG.MA.ZS,P110974
,,SE.SEC.PROG.ZS,P110975
,,SE.SEC.TCAQ.FE.ZS,P110976
,,SE.SEC.TCAQ.LO.FE.ZS,P110977
,,SE.SEC.TCAQ.LO.MA.ZS,P110978
,,SE.SEC.TCAQ.LO.ZS,P110979
,,SE.SEC.TCAQ.MA.ZS,P110980
,,SE.SEC.TCAQ.UP.FE.ZS,P110981
,,SE.SEC.TCAQ.UP.MA.ZS,P110982
,,SE.SEC.TCAQ.UP.ZS,P110983
,,SE.SEC.TCAQ.ZS,P110984
,,SE.SEC.TCHR,P110985
,,SE.SEC.TCHR.FE,P110986
,,SE.SEC.TCHR.FE.ZS,P110987
,,SE.SEC.UNER.LO.FE.ZS,P110988
,,SE.SEC.UNER.LO.MA.ZS,P110989
,,SE.SEC.UNER.LO.ZS,P110990
,,SE.TER.CUAT.BA.FE.ZS,P110991
,,SE.TER.CUAT.BA.MA.ZS,P110992
,,SE.TER.CUAT.BA.ZS,P110993
,,SE.TER.CUAT.DO.FE.ZS,P110994
,,SE.TER.CUAT.DO.MA.ZS,P110995
,,SE.TER.CUAT.DO.ZS,P110996
,,SE.TER.CUAT.MS.FE.ZS,P110997
,,SE.TER.CUAT.MS.MA.ZS,P110998
,,SE.TER.CUAT.MS.ZS,P110999
,,SE.TER.CUAT.ST.FE.ZS,P111000
,,SE.TER.CUAT.ST.MA.ZS,P111001
,,SE.TER.CUAT.ST.ZS,P111002
,,SE.TER.ENRL.TC.ZS,P111003
,,SE.TER.ENRR,P111004
,,SE.TER.ENRR.FE,P111005
,,SE.TER.ENRR.MA,P111006
,,SE.TER.TCHR.FE.ZS,P111007
,,SE.XPD.CPRM.ZS,P111008
,,SE.XPD.CSEC.ZS,P111009
,,SE.XPD.CTER.ZS,P111010
,,SE.XPD.CTOT.ZS,P111011
,,SE.XPD.MPRM.ZS,P111012
,,SE.XPD.MSEC.ZS,P111013
,,SE.XPD.MTER.ZS,P111014
,,SE.XPD.MTOT.ZS,P111015
,,SE.XPD.PRIM.PC.ZS,P111016
,,SE.XPD.PRIM.ZS,P111017
,,SE.XPD.SECO.PC.ZS,P111018
,,SE.XPD.SECO.ZS,P111019
,,SE.XPD.TERT.PC.ZS,P111020
,,SE.XPD.TERT.ZS,P111021
,,SE.XPD.TOTL.GB.ZS,P111022
,,SE.XPD.TOTL.GD.ZS,P111023
,,SG.DMK.ALLD.FN.ZS,P111024
,,SG.GEN.PARL.ZS,P111025
,,SG.JOB.NOPN.EQ,P111026
,,SG.LAW.CHMR,P111027
,,SG.LAW.EQRM.WK,P111028
,,SG.LAW.LEVE.PU,P111029
,,SG.LAW.NODC.HR,P111030
,,SG.LEG.DVAW,P111031
,,SG.MMR.LEVE.EP,P111032
,,SG.NOD.CONS,P111033
,,SG.VAW.1549.ZS,P111034
,,SG.VAW.ARGU.ZS,P111035
,,SG.VAW.BURN.ZS,P111036
,,SG.VAW.GOES.ZS,P111037
,,SG.VAW.NEGL.ZS,P111038
,,SG.VAW.REAS.ZS,P111039
,,SG.VAW.REFU.ZS,P111040
,,SH.ALC.PCAP.LI,P111041
,,SH.ANM.ALLW.ZS,P111042
,,SH.ANM.CHLD.ZS,P111043
,,SH.ANM.NPRG.ZS,P111044
,,SH.CON.1524.FE.ZS,P111045
,,SH.CON.1524.MA.ZS,P111046
,,SH.DTH.COMM.ZS,P111047
,,SH.DTH.IMRT,P111048
,,SH.DTH.INJR.ZS,P111049
,,SH.DTH.MORT,P111050
,,SH.DTH.NCOM.ZS,P111051
,,SH.DTH.NMRT,P111052
,,SH.DYN.AIDS.FE.ZS,P111053
,,SH.DYN.AIDS.ZS,P111054
,,SH.DYN.MORT,P111055
,,SH.DYN.MORT.FE,P111056
,,SH.DYN.MORT.MA,P111057
,,SH.DYN.NCOM.ZS,P111058
,,SH.DYN.NMRT,P111059
,,SH.FPL.SATM.ZS,P111060
,,SH.H2O.SAFE.RU.ZS,P111061
,,SH.H2O.SAFE.UR.ZS,P111062
,,SH.H2O.SAFE.ZS,P111063
,,SH.HIV.0014,P111064
,,SH.HIV.1524.FE.ZS,P111065
,,SH.HIV.1524.MA.ZS,P111066
,,SH.HIV.ARTC.ZS,P111067
,,SH.HIV.INCD,P111068
,,SH.HIV.INCD.14,P111069
,,SH.HIV.INCD.TL,P111070
,,SH.HIV.INCD.ZS,P111071
,,SH.HIV.PMTC.ZS,P111072
,,SH.IMM.HEPB,P111073
,,SH.IMM.IDPT,P111074
,,SH.IMM.MEAS,P111075
,,SH.MED.BEDS.ZS,P111076
,,SH.MED.CMHW.P3,P111077
,,SH.MED.NUMW.P3,P111078
,,SH.MED.PHYS.ZS,P111079
,,SH.MED.SAOP.P5,P111080
,,SH.MLR.INCD.P3,P111081
,,SH.MLR.NETS.ZS,P111082
,,SH.MLR.TRET.ZS,P111083
,,SH.MMR.DTHS,P111084
,,SH.MMR.RISK,P111085
,,SH.MMR.RISK.ZS,P111086
,,SH.PRG.ANEM,P111087
,,SH.PRV.SMOK.FE,P111088
,,SH.PRV.SMOK.MA,P111089
,,SH.SGR.CRSK.ZS,P111090
,,SH.SGR.IRSK.ZS,P111091
,,SH.SGR.PROC.P5,P111092
,,SH.STA.ACSN,P111093
,,SH.STA.ACSN.RU,P111094
,,SH.STA.ACSN.UR,P111095
,,SH.STA.ANVC.ZS,P111096
,,SH.STA.ARIC.ZS,P111097
,,SH.STA.BFED.ZS,P111098
,,SH.STA.BRTC.ZS,P111099
,,SH.STA.BRTW.ZS,P111100
,,SH.STA.DIAB.ZS,P111101
,,SH.STA.FGMS.ZS,P111102
,,SH.STA.MALN.FE.ZS,P111103
,,SH.STA.MALN.MA.ZS,P111104
,,SH.STA.MALN.ZS,P111105
,,SH.STA.MMRT,P111106
,,SH.STA.MMRT.NE,P111107
,,SH.STA.ODFC.RU.ZS,P111108
,,SH.STA.ODFC.UR.ZS,P111109
,,SH.STA.ODFC.ZS,P111110
,,SH.STA.ORCF.ZS,P111111
,,SH.STA.ORTH,P111112
,,SH.STA.OWGH.FE.ZS,P111113
,,SH.STA.OWGH.MA.ZS,P111114
,,SH.STA.OWGH.ZS,P111115
,,SH.STA.STNT.FE.ZS,P111116
,,SH.STA.STNT.MA.ZS,P111117
,,SH.STA.STNT.ZS,P111118
,,SH.STA.SUIC.P5,P111119
,,SH.STA.TRAF.P5,P111120
,,SH.STA.WAST.FE.ZS,P111121
,,SH.STA.WAST.MA.ZS,P111122
,,SH.STA.WAST.ZS,P111123
,,SH.SVR.WAST.FE.ZS,P111124
,,SH.SVR.WAST.MA.ZS,P111125
,,SH.SVR.WAST.ZS,P111126
,,SH.TBS.CURE.ZS,P111127
,,SH.TBS.DTEC.ZS,P111128
,,SH.TBS.INCD,P111129
,,SH.VAC.TTNS.ZS,P111130
,,SH.XPD.EXTR.ZS,P111131
,,SH.XPD.OOPC.TO.ZS,P111132
,,SH.XPD.OOPC.ZS,P111133
,,SH.XPD.PCAP,P111134
,,SH.XPD.PCAP.PP.KD,P111135
,,SH.XPD.PRIV.ZS,P111136
,,SH.XPD.PUBL,P111137
,,SH.XPD.PUBL.GX.ZS,P111138
,,SH.XPD.PUBL.ZS,P111139
,,SH.XPD.TOTL.ZS,P111140
,,SI.DST.02ND.20,P111141
,,SI.DST.03RD.20,P111142
,,SI.DST.04TH.20,P111143
,,SI.DST.05TH.20,P111144
,,SI.DST.10TH.10,P111145
,,SI.DST.FRST.10,P111146
,,SI.DST.FRST.20,P111147
,,SI.POV.2DAY,P111148
,,SI.POV.DDAY,P111149
,,SI.POV.GAP2,P111150
,,SI.POV.GAPS,P111151
,,SI.POV.GINI,P111152
,,SI.POV.NAGP,P111153
,,SI.POV.NAHC,P111154
,,SI.POV.RUGP,P111155
,,SI.POV.RUHC,P111156
,,SI.POV.URGP,P111157
,,SI.POV.URHC,P111158
,,SI.SPR.PC40,P111159
,,SI.SPR.PC40.ZG,P111160
,,SI.SPR.PCAP,P111161
,,SI.SPR.PCAP.ZG,P111162
,,SL.AGR.0714.FE.ZS,P111163
,,SL.AGR.0714.MA.ZS,P111164
,,SL.AGR.0714.ZS,P111165
,,SL.AGR.EMPL.FE.ZS,P111166
,,SL.AGR.EMPL.MA.ZS,P111167
,,SL.AGR.EMPL.ZS,P111168
,,SL.EMP.1524.SP.FE.NE.ZS,P111169
,,SL.EMP.1524.SP.FE.ZS,P111170
,,SL.EMP.1524.SP.MA.NE.ZS,P111171
,,SL.EMP.1524.SP.MA.ZS,P111172
,,SL.EMP.1524.SP.NE.ZS,P111173
,,SL.EMP.1524.SP.ZS,P111174
,,SL.EMP.INSV.FE.ZS,P111175
,,SL.EMP.MPYR.FE.ZS,P111176
,,SL.EMP.MPYR.MA.ZS,P111177
,,SL.EMP.MPYR.ZS,P111178
,,SL.EMP.SELF.FE.ZS,P111179
,,SL.EMP.SELF.MA.ZS,P111180
,,SL.EMP.SELF.ZS,P111181
,,SL.EMP.SMGT.FE.ZS,P111182
,,SL.EMP.TOTL.SP.FE.NE.ZS,P111183
,,SL.EMP.TOTL.SP.FE.ZS,P111184
,,SL.EMP.TOTL.SP.MA.NE.ZS,P111185
,,SL.EMP.TOTL.SP.MA.ZS,P111186
,,SL.EMP.TOTL.SP.NE.ZS,P111187
,,SL.EMP.TOTL.SP.ZS,P111188
,,SL.EMP.VULN.FE.ZS,P111189
,,SL.EMP.VULN.MA.ZS,P111190
,,SL.EMP.VULN.ZS,P111191
,,SL.EMP.WORK.FE.ZS,P111192
,,SL.EMP.WORK.MA.ZS,P111193
,,SL.EMP.WORK.ZS,P111194
,,SL.FAM.0714.FE.ZS,P111195
,,SL.FAM.0714.MA.ZS,P111196
,,SL.FAM.0714.ZS,P111197
,,SL.FAM.WORK.FE.ZS,P111198
,,SL.FAM.WORK.MA.ZS,P111199
,,SL.FAM.WORK.ZS,P111200
,,SL.GDP.PCAP.EM.KD,P111201
,,SL.IND.EMPL.FE.ZS,P111202
,,SL.IND.EMPL.MA.ZS,P111203
,,SL.IND.EMPL.ZS,P111204
,,SL.ISV.IFRM.FE.ZS,P111205
,,SL.ISV.IFRM.MA.ZS,P111206
,,SL.ISV.IFRM.ZS,P111207
,,SL.MNF.0714.FE.ZS,P111208
,,SL.MNF.0714.MA.ZS,P111209
,,SL.MNF.0714.ZS,P111210
,,SL.SLF.0714.FE.ZS,P111211
,,SL.SLF.0714.MA.ZS,P111212
,,SL.SLF.0714.ZS,P111213
,,SL.SRV.0714.FE.ZS,P111214
,,SL.SRV.0714.MA.ZS,P111215
,,SL.SRV.0714.ZS,P111216
,,SL.SRV.EMPL.FE.ZS,P111217
,,SL.SRV.EMPL.MA.ZS,P111218
,,SL.SRV.EMPL.ZS,P111219
,,SL.TLF.0714.FE.ZS,P111220
,,SL.TLF.0714.MA.ZS,P111221
,,SL.TLF.0714.SW.FE.TM,P111222
,,SL.TLF.0714.SW.FE.ZS,P111223
,,SL.TLF.0714.SW.MA.TM,P111224
,,SL.TLF.0714.SW.MA.ZS,P111225
,,SL.TLF.0714.SW.TM,P111226
,,SL.TLF.0714.SW.ZS,P111227
,,SL.TLF.0714.WK.FE.TM,P111228
,,SL.TLF.0714.WK.FE.ZS,P111229
,,SL.TLF.0714.WK.MA.TM,P111230
,,SL.TLF.0714.WK.MA.ZS,P111231
,,SL.TLF.0714.WK.TM,P111232
,,SL.TLF.0714.WK.ZS,P111233
,,SL.TLF.0714.ZS,P111234
,,SL.TLF.ACTI.1524.FE.NE.ZS,P111235
,,SL.TLF.ACTI.1524.FE.ZS,P111236
,,SL.TLF.ACTI.1524.MA.NE.ZS,P111237
,,SL.TLF.ACTI.1524.MA.ZS,P111238
,,SL.TLF.ACTI.1524.NE.ZS,P111239
,,SL.TLF.ACTI.1524.ZS,P111240
,,SL.TLF.ADVN.FE.ZS,P111241
,,SL.TLF.ADVN.MA.ZS,P111242
,,SL.TLF.ADVN.ZS,P111243
,,SL.TLF.BASC.FE.ZS,P111244
,,SL.TLF.BASC.MA.ZS,P111245
,,SL.TLF.BASC.ZS,P111246
,,SL.TLF.CACT.FE.NE.ZS,P111247
,,SL.TLF.CACT.FE.ZS,P111248
,,SL.TLF.CACT.FM.NE.ZS,P111249
,,SL.TLF.CACT.FM.ZS,P111250
,,SL.TLF.CACT.MA.NE.ZS,P111251
,,SL.TLF.CACT.MA.ZS,P111252
,,SL.TLF.CACT.NE.ZS,P111253
,,SL.TLF.CACT.ZS,P111254
,,SL.TLF.INTM.FE.ZS,P111255
,,SL.TLF.INTM.MA.ZS,P111256
,,SL.TLF.INTM.ZS,P111257
,,SL.TLF.TOTL.FE.ZS,P111258
,,SL.TLF.TOTL.IN,P111259
,,SL.UEM.1524.FE.NE.ZS,P111260
,,SL.UEM.1524.FE.ZS,P111261
,,SL.UEM.1524.MA.NE.ZS,P111262
,,SL.UEM.1524.MA.ZS,P111263
,,SL.UEM.1524.NE.ZS,P111264
,,SL.UEM.1524.ZS,P111265
,,SL.UEM.ADVN.FE.ZS,P111266
,,SL.UEM.ADVN.MA.ZS,P111267
,,SL.UEM.ADVN.ZS,P111268
,,SL.UEM.BASC.FE.ZS,P111269
,,SL.UEM.BASC.MA.ZS,P111270
,,SL.UEM.BASC.ZS,P111271
,,SL.UEM.INTM.FE.ZS,P111272
,,SL.UEM.INTM.MA.ZS,P111273
,,SL.UEM.INTM.ZS,P111274
,,SL.UEM.NEET.FE.ZS,P111275
,,SL.UEM.NEET.MA.ZS,P111276
,,SL.UEM.NEET.ZS,P111277
,,SL.UEM.TOTL.FE.NE.ZS,P111278
,,SL.UEM.TOTL.FE.ZS,P111279
,,SL.UEM.TOTL.MA.NE.ZS,P111280
,,SL.UEM.TOTL.MA.ZS,P111281
,,SL.UEM.TOTL.NE.ZS,P111282
,,SL.UEM.TOTL.ZS,P111283
,,SL.WAG.0714.FE.ZS,P111284
,,SL.WAG.0714.MA.ZS,P111285
,,SL.WAG.0714.ZS,P111286
,,SM.EMI.TERT.ZS,P111287
,,SM.POP.NETM,P111288
,,SM.POP.REFG,P111289
,,SM.POP.REFG.OR,P111290
,,SM.POP.TOTL,P111291
,,SM.POP.TOTL.ZS,P111292
,,SN.ITK.DEFC.ZS,P111293
,,SN.ITK.DFCT,P111294
,,SN.ITK.SALT.ZS,P111295
,,SN.ITK.VITA.ZS,P111296
,,SP.ADO.TFRT,P111297
,,SP.DTH.INFR.ZS,P111298
,,SP.DTH.REPT.ZS,P111299
,,SP.DYN.AMRT.FE,P111300
,,SP.DYN.AMRT.MA,P111301
,,SP.DYN.CBRT.IN,P111302
,,SP.DYN.CDRT.IN,P111303
,,SP.DYN.CONM.ZS,P111304
,,SP.DYN.CONU.ZS,P111305
,,SP.DYN.IMRT.FE.IN,P111306
,,SP.DYN.IMRT.IN,P111307
,,SP.DYN.IMRT.MA.IN,P111308
,,SP.DYN.LE00.FE.IN,P111309
,,SP.DYN.LE00.IN,P111310
,,SP.DYN.LE00.MA.IN,P111311
,,SP.DYN.TFRT.IN,P111312
,,SP.DYN.TO65.FE.ZS,P111313
,,SP.DYN.TO65.MA.ZS,P111314
,,SP.DYN.WFRT,P111315
,,SP.HOU.FEMA.ZS,P111316
,,SP.M18.2024.FE.ZS,P111317
,,SP.MTR.1519.ZS,P111318
,,SP.POP.0004.FE.5Y,P111319
,,SP.POP.0004.MA.5Y,P111320
,,SP.POP.0014.TO.ZS,P111321
,,SP.POP.0509.FE.5Y,P111322
,,SP.POP.0509.MA.5Y,P111323
,,SP.POP.1014.FE.5Y,P111324
,,SP.POP.1014.MA.5Y,P111325
,,SP.POP.1519.FE.5Y,P111326
,,SP.POP.1519.MA.5Y,P111327
,,SP.POP.1564.TO.ZS,P111328
,,SP.POP.2024.FE.5Y,P111329
,,SP.POP.2024.MA.5Y,P111330
,,SP.POP.2529.FE.5Y,P111331
,,SP.POP.2529.MA.5Y,P111332
,,SP.POP.3034.FE.5Y,P111333
,,SP.POP.3034.MA.5Y,P111334
,,SP.POP.3539.FE.5Y,P111335
,,SP.POP.3539.MA.5Y,P111336
,,SP.POP.4044.FE.5Y,P111337
,,SP.POP.4044.MA.5Y,P111338
,,SP.POP.4549.FE.5Y,P111339
,,SP.POP.4549.MA.5Y,P111340
,,SP.POP.5054.FE.5Y,P111341
,,SP.POP.5054.MA.5Y,P111342
,,SP.POP.5559.FE.5Y,P111343
,,SP.POP.5559.MA.5Y,P111344
,,SP.POP.6064.FE.5Y,P111345
,,SP.POP.6064.MA.5Y,P111346
,,SP.POP.6569.FE.5Y,P111347
,,SP.POP.6569.MA.5Y,P111348
,,SP.POP.65UP.TO.ZS,P111349
,,SP.POP.7074.FE.5Y,P111350
,,SP.POP.7074.MA.5Y,P111351
,,SP.POP.7579.FE.5Y,P111352
,,SP.POP.7579.MA.5Y,P111353
,,SP.POP.80UP.FE.5Y,P111354
,,SP.POP.80UP.MA.5Y,P111355
,,SP.POP.DPND,P111356
,,SP.POP.DPND.OL,P111357
,,SP.POP.DPND.YG,P111358
,,SP.POP.GROW,P111359
,,SP.POP.SCIE.RD.P6,P111360
,,SP.POP.TECH.RD.P6,P111361
,,SP.POP.TOTL,P111362
,,SP.POP.TOTL.FE.ZS,P111363
,,SP.REG.BRTH.RU.ZS,P111364
,,SP.REG.BRTH.UR.ZS,P111365
,,SP.REG.BRTH.ZS,P111366
,,SP.REG.DTHS.ZS,P111367
,,SP.RUR.TOTL,P111368
,,SP.RUR.TOTL.ZG,P111369
,,SP.RUR.TOTL.ZS,P111370
,,SP.URB.GROW,P111371
,,SP.URB.TOTL,P111372
,,SP.URB.TOTL.IN.ZS,P111373
,,SP.UWT.TFRT,P111374
,,ST.INT.ARVL,P111375
,,ST.INT.DPRT,P111376
,,ST.INT.RCPT.CD,P111377
,,ST.INT.RCPT.XP.ZS,P111378
,,ST.INT.TRNR.CD,P111379
,,ST.INT.TRNX.CD,P111380
,,ST.INT.TVLR.CD,P111381
,,ST.INT.TVLX.CD,P111382
,,ST.INT.XPND.CD,P111383
,,ST.INT.XPND.MP.ZS,P111384
,,TG.VAL.TOTL.GD.ZS,P111385
,,TM.QTY.MRCH.XD.WD,P111386
,,TM.TAX.MANF.BC.ZS,P111387
,,TM.TAX.MANF.BR.ZS,P111388
,,TM.TAX.MANF.IP.ZS,P111389
,,TM.TAX.MANF.SM.AR.ZS,P111390
,,TM.TAX.MANF.SM.FN.ZS,P111391
,,TM.TAX.MANF.SR.ZS,P111392
,,TM.TAX.MANF.WM.AR.ZS,P111393
,,TM.TAX.MANF.WM.FN.ZS,P111394
,,TM.TAX.MRCH.BC.ZS,P111395
,,TM.TAX.MRCH.BR.ZS,P111396
,,TM.TAX.MRCH.IP.ZS,P111397
,,TM.TAX.MRCH.SM.AR.ZS,P111398
,,TM.TAX.MRCH.SM.FN.ZS,P111399
,,TM.TAX.MRCH.SR.ZS,P111400
,,TM.TAX.MRCH.WM.AR.ZS,P111401
,,TM.TAX.MRCH.WM.FN.ZS,P111402
,,TM.TAX.TCOM.BC.ZS,P111403
,,TM.TAX.TCOM.BR.ZS,P111404
,,TM.TAX.TCOM.IP.ZS,P111405
,,TM.TAX.TCOM.SM.AR.ZS,P111406
,,TM.TAX.TCOM.SM.FN.ZS,P111407
,,TM.TAX.TCOM.SR.ZS,P111408
,,TM.TAX.TCOM.WM.AR.ZS,P111409
,,TM.TAX.TCOM.WM.FN.ZS,P111410
,,TM.VAL.AGRI.ZS.UN,P111411
,,TM.VAL.FOOD.ZS.UN,P111412
,,TM.VAL.FUEL.ZS.UN,P111413
,,TM.VAL.ICTG.ZS.UN,P111414
,,TM.VAL.INSF.ZS.WT,P111415
,,TM.VAL.MANF.ZS.UN,P111416
,,TM.VAL.MMTL.ZS.UN,P111417
,,TM.VAL.MRCH.AL.ZS,P111418
,,TM.VAL.MRCH.CD.WT,P111419
,,TM.VAL.MRCH.HI.ZS,P111420
,,TM.VAL.MRCH.OR.ZS,P111421
,,TM.VAL.MRCH.R1.ZS,P111422
,,TM.VAL.MRCH.R2.ZS,P111423
,,TM.VAL.MRCH.R3.ZS,P111424
,,TM.VAL.MRCH.R4.ZS,P111425
,,TM.VAL.MRCH.R5.ZS,P111426
,,TM.VAL.MRCH.R6.ZS,P111427
,,TM.VAL.MRCH.RS.ZS,P111428
,,TM.VAL.MRCH.WL.CD,P111429
,,TM.VAL.MRCH.WR.ZS,P111430
,,TM.VAL.MRCH.XD.WD,P111431
,,TM.VAL.OTHR.ZS.WT,P111432
,,TM.VAL.SERV.CD.WT,P111433
,,TM.VAL.TRAN.ZS.WT,P111434
,,TM.VAL.TRVL.ZS.WT,P111435
,,TT.PRI.MRCH.XD.WD,P111436
,,TX.QTY.MRCH.XD.WD,P111437
,,TX.VAL.AGRI.ZS.UN,P111438
,,TX.VAL.FOOD.ZS.UN,P111439
,,TX.VAL.FUEL.ZS.UN,P111440
,,TX.VAL.ICTG.ZS.UN,P111441
,,TX.VAL.INSF.ZS.WT,P111442
,,TX.VAL.MANF.ZS.UN,P111443
,,TX.VAL.MMTL.ZS.UN,P111444
,,TX.VAL.MRCH.AL.ZS,P111445
,,TX.VAL.MRCH.CD.WT,P111446
,,TX.VAL.MRCH.HI.ZS,P111447
,,TX.VAL.MRCH.OR.ZS,P111448
,,TX.VAL.MRCH.R1.ZS,P111449
,,TX.VAL.MRCH.R2.ZS,P111450
,,TX.VAL.MRCH.R3.ZS,P111451
,,TX.VAL.MRCH.R4.ZS,P111452
,,TX.VAL.MRCH.R5.ZS,P111453
,,TX.VAL.MRCH.R6.ZS,P111454
,,TX.VAL.MRCH.RS.ZS,P111455
,,TX.VAL.MRCH.WL.CD,P111456
,,TX.VAL.MRCH.WR.ZS,P111457
,,TX.VAL.MRCH.XD.WD,P111458
,,TX.VAL.OTHR.ZS.WT,P111459
,,TX.VAL.SERV.CD.WT,P111460
,,TX.VAL.TECH.CD,P111461
,,TX.VAL.TECH.MF.ZS,P111462
,,TX.VAL.TRAN.ZS.WT,P111463
,,TX.VAL.TRVL.ZS.WT,P111464
,,VC.BTL.DETH,P111465
,,VC.IDP.TOTL.HE,P111466
,,VC.IDP.TOTL.LE,P111467
,,VC.IHR.PSRC.P5,P111468
,,VC.PKP.TOTL.UN,P111469
,,WP15163_4.1,P111470
,,WP15163_4.2,P111471
,,WP15163_4.3,P111472
,,WP15163_4.8,P111473
,,WP15163_4.9,P111474
